{"frames":{"giant0":{"frame":{"x":0,"y":0,"w":230,"h":220},"rotated":false,"trimmed":false,"spriteSourceSize":{"x":0,"y":0,"w":230,"h":220},"sourceSize":{"w":230,"h":220}},"giant1":{"frame":{"x":0,"y":221,"w":230,"h":220},"rotated":false,"trimmed":false,"spriteSourceSize":{"x":0,"y":0,"w":230,"h":220},"sourceSize":{"w":230,"h":220}},"giant2":{"frame":{"x":231,"y":0,"w":230,"h":220},"rotated":false,"trimmed":false,"spriteSourceSize":{"x":0,"y":0,"w":230,"h":220},"sourceSize":{"w":230,"h":220}}},"meta":{"app":"https://www.leshylabs.com/apps/sstool/","version":"Leshy SpriteSheet Tool v0.8.4","image":"giantAtlas.png","size":{"w":461,"h":441},"scale":1}}