{"frames":{"Hero7":{"frame":{"x":0,"y":0,"w":245,"h":220},"rotated":false,"trimmed":false,"spriteSourceSize":{"x":0,"y":0,"w":245,"h":220},"sourceSize":{"w":245,"h":220}},"Hero6":{"frame":{"x":246,"y":0,"w":230,"h":220},"rotated":false,"trimmed":false,"spriteSourceSize":{"x":0,"y":0,"w":230,"h":220},"sourceSize":{"w":230,"h":220}},"Hero5":{"frame":{"x":246,"y":221,"w":230,"h":220},"rotated":false,"trimmed":false,"spriteSourceSize":{"x":0,"y":0,"w":230,"h":220},"sourceSize":{"w":230,"h":220}},"Hero4":{"frame":{"x":0,"y":442,"w":230,"h":220},"rotated":false,"trimmed":false,"spriteSourceSize":{"x":0,"y":0,"w":230,"h":220},"sourceSize":{"w":230,"h":220}},"Hero3":{"frame":{"x":477,"y":0,"w":200,"h":220},"rotated":false,"trimmed":false,"spriteSourceSize":{"x":0,"y":0,"w":200,"h":220},"sourceSize":{"w":200,"h":220}},"Hero2":{"frame":{"x":231,"y":442,"w":230,"h":220},"rotated":false,"trimmed":false,"spriteSourceSize":{"x":0,"y":0,"w":230,"h":220},"sourceSize":{"w":230,"h":220}},"Hero1":{"frame":{"x":477,"y":221,"w":200,"h":220},"rotated":false,"trimmed":false,"spriteSourceSize":{"x":0,"y":0,"w":200,"h":220},"sourceSize":{"w":200,"h":220}},"Hero0":{"frame":{"x":477,"y":442,"w":200,"h":220},"rotated":false,"trimmed":false,"spriteSourceSize":{"x":0,"y":0,"w":200,"h":220},"sourceSize":{"w":200,"h":220}},"hero9":{"frame":{"x":0,"y":221,"w":245,"h":220},"rotated":false,"trimmed":false,"spriteSourceSize":{"x":0,"y":0,"w":245,"h":220},"sourceSize":{"w":245,"h":220}}},"meta":{"app":"https://www.leshylabs.com/apps/sstool/","version":"Leshy SpriteSheet Tool v0.8.4","image":"heroAtlas.png","size":{"w":677,"h":662},"scale":1}}