{"frames":{"zombie0":{"frame":{"x":0,"y":0,"w":110,"h":130},"rotated":false,"trimmed":false,"spriteSourceSize":{"x":0,"y":0,"w":110,"h":130},"sourceSize":{"w":110,"h":130}},"zombie1":{"frame":{"x":111,"y":0,"w":110,"h":130},"rotated":false,"trimmed":false,"spriteSourceSize":{"x":0,"y":0,"w":110,"h":130},"sourceSize":{"w":110,"h":130}},"zombie2":{"frame":{"x":0,"y":131,"w":110,"h":130},"rotated":false,"trimmed":false,"spriteSourceSize":{"x":0,"y":0,"w":110,"h":130},"sourceSize":{"w":110,"h":130}},"zombie3":{"frame":{"x":111,"y":131,"w":110,"h":130},"rotated":false,"trimmed":false,"spriteSourceSize":{"x":0,"y":0,"w":110,"h":130},"sourceSize":{"w":110,"h":130}},"zombie4":{"frame":{"x":222,"y":0,"w":110,"h":130},"rotated":false,"trimmed":false,"spriteSourceSize":{"x":0,"y":0,"w":110,"h":130},"sourceSize":{"w":110,"h":130}}},"meta":{"app":"https://www.leshylabs.com/apps/sstool/","version":"Leshy SpriteSheet Tool v0.8.4","image":"small_ZAtlas.png","size":{"w":332,"h":261},"scale":1}}