{"frames":{"frame1":{"frame":{"x":0,"y":0,"w":200,"h":180},"rotated":false,"trimmed":false,"spriteSourceSize":{"x":0,"y":0,"w":200,"h":180},"sourceSize":{"w":200,"h":180}},"frame2":{"frame":{"x":0,"y":181,"w":200,"h":180},"rotated":false,"trimmed":false,"spriteSourceSize":{"x":0,"y":0,"w":200,"h":180},"sourceSize":{"w":200,"h":180}},"frame3":{"frame":{"x":201,"y":0,"w":200,"h":180},"rotated":false,"trimmed":false,"spriteSourceSize":{"x":0,"y":0,"w":200,"h":180},"sourceSize":{"w":200,"h":180}},"frame4":{"frame":{"x":201,"y":181,"w":200,"h":180},"rotated":false,"trimmed":false,"spriteSourceSize":{"x":0,"y":0,"w":200,"h":180},"sourceSize":{"w":200,"h":180}},"frame5":{"frame":{"x":0,"y":362,"w":200,"h":180},"rotated":false,"trimmed":false,"spriteSourceSize":{"x":0,"y":0,"w":200,"h":180},"sourceSize":{"w":200,"h":180}},"frame6":{"frame":{"x":201,"y":362,"w":200,"h":180},"rotated":false,"trimmed":false,"spriteSourceSize":{"x":0,"y":0,"w":200,"h":180},"sourceSize":{"w":200,"h":180}},"frame7":{"frame":{"x":402,"y":0,"w":200,"h":180},"rotated":false,"trimmed":false,"spriteSourceSize":{"x":0,"y":0,"w":200,"h":180},"sourceSize":{"w":200,"h":180}}},"meta":{"app":"https://www.leshylabs.com/apps/sstool/","version":"Leshy SpriteSheet Tool v0.8.4","image":"spritesheet.png","size":{"w":602,"h":542},"scale":1}}